[
    {
        "question": "What is the primary role of a Strength and Conditioning Coach?",
        "options": [
            "Designing exercise routines",
            "Supervising training sessions",
            "Tracking athlete progress",
            "All of the above"
        ],
        "answer": "All of the above"
    },
    {
        "question": "What is the expected growth rate for coaching jobs through 2024, according to the Bureau of Labour Statistics?",
        "options": [
            "4 percent",
            "6 percent",
            "8 percent",
            "10 percent"
        ],
        "answer": "6 percent"
    },
    {
        "question": "Which of the following is NOT a key skill for Strength and Conditioning Coaches?",
        "options": [
            "Effective communication",
            "Ability to make decisions",
            "Advanced knowledge of pharmaceuticals",
            "Being detail-oriented"
        ],
        "answer": "Advanced knowledge of pharmaceuticals"
    },
    {
        "question": "What is one quality that defines an excellent Strength and Conditioning Coach?",
        "options": [
            "Lack of confidence",
            "Persistence",
            "Indifference towards team members",
            "Closed-mindedness"
        ],
        "answer": "Persistence"
    },
    {
        "question": "What type of joint permits the widest range of motion?",
        "options": [
            "Hinge joints",
            "Ball and socket joints",
            "Pivotal joints",
            "Gliding joints"
        ],
        "answer": "Ball and socket joints"
    },
    {
        "question": "Which muscle tissue type is striated and voluntary?",
        "options": [
            "Cardiac muscle",
            "Smooth muscle",
            "Skeletal muscle",
            "None of the above"
        ],
        "answer": "Skeletal muscle"
    },
    {
        "question": "What energy system is used for short, explosive movements and does not require oxygen?",
        "options": [
            "ATP-PC system",
            "Glycolytic system",
            "Oxidative system",
            "Aerobic system"
        ],
        "answer": "ATP-PC system"
    },
    {
        "question": "What property allows muscles to return to their original length after being stretched?",
        "options": [
            "Excitability",
            "Elasticity",
            "Contractility",
            "Adaptability"
        ],
        "answer": "Elasticity"
    },
    {
        "question": "What type of muscle fibre is best suited for endurance activities?",
        "options": [
            "Type I (slow-twitch)",
            "Type IIa (fast-twitch oxidative)",
            "Type IIb (fast-twitch glycolytic)",
            "Type III (hybrid)"
        ],
        "answer": "Type I (slow-twitch)"
    },
    {
        "question": "What is the main function of the cardiovascular system?",
        "options": [
            "Regulating body temperature",
            "Carrying oxygen and nutrients to cells",
            "Producing energy",
            "Supporting skeletal structure"
        ],
        "answer": "Carrying oxygen and nutrients to cells"
    },
    {
        "question": "What is the primary purpose of maintaining athlete records?",
        "options": [
            "To track athlete progress",
            "To calculate training expenses",
            "To assess coaching performance",
            "To ensure compliance with regulations"
        ],
        "answer": "To track athlete progress"
    },
    {
        "question": "Which of the following describes cartilaginous joints?",
        "options": [
            "Immovable joints",
            "Partly movable joints",
            "Fully flexible joints",
            "Joints found only in the skull"
        ],
        "answer": "Partly movable joints"
    },
    {
        "question": "Which type of joint allows rotational movement, such as at the neck?",
        "options": [
            "Hinge joint",
            "Ball and socket joint",
            "Pivotal joint",
            "Saddle joint"
        ],
        "answer": "Pivotal joint"
    },
    {
        "question": "What is the role of myofibrils in skeletal muscles?",
        "options": [
            "Transport oxygen to cells",
            "Store glycogen for energy",
            "Contribute to muscle contraction",
            "Aid in nutrient absorption"
        ],
        "answer": "Contribute to muscle contraction"
    },
    {
        "question": "What is the distinguishing feature of cardiac muscle tissue?",
        "options": [
            "Multinucleated cells",
            "Presence of intercalated discs",
            "Voluntary control",
            "Lack of striations"
        ],
        "answer": "Presence of intercalated discs"
    },
    {
        "question": "Which energy system is primarily used during sustained, low-intensity exercise?",
        "options": [
            "ATP-PC system",
            "Glycolytic system",
            "Oxidative system",
            "Lactic acid system"
        ],
        "answer": "Oxidative system"
    },
    {
        "question": "Which type of muscle contraction occurs when the muscle length remains constant?",
        "options": [
            "Concentric contraction",
            "Eccentric contraction",
            "Isometric contraction",
            "Dynamic contraction"
        ],
        "answer": "Isometric contraction"
    },
    {
        "question": "What is the function of tendons in the muscular system?",
        "options": [
            "Connect muscles to bones",
            "Attach bones to bones",
            "Provide joint stability",
            "Generate electrical signals"
        ],
        "answer": "Connect muscles to bones"
    },
    {
        "question": "What movement describes bringing a body part closer to the midline?",
        "options": [
            "Abduction",
            "Adduction",
            "Flexion",
            "Extension"
        ],
        "answer": "Adduction"
    },
    {
        "question": "What does the sliding filament theory explain?",
        "options": [
            "How joints are stabilized",
            "How muscles contract",
            "How muscles store energy",
            "How oxygen is transported"
        ],
        "answer": "How muscles contract"
    },
    {
        "question": "Which joint type is responsible for movements like flexion and extension?",
        "options": [
            "Hinge joint",
            "Ball and socket joint",
            "Gliding joint",
            "Pivotal joint"
        ],
        "answer": "Hinge joint"
    },
    {
        "question": "What type of muscle fibre is responsible for quick bursts of power?",
        "options": [
            "Type I (slow-twitch)",
            "Type IIa (fast-twitch oxidative)",
            "Type IIb (fast-twitch glycolytic)",
            "Hybrid fibres"
        ],
        "answer": "Type IIb (fast-twitch glycolytic)"
    },
    {
        "question": "What characteristic allows muscle tissue to respond to stimuli?",
        "options": [
            "Elasticity",
            "Excitability",
            "Contractility",
            "Extensibility"
        ],
        "answer": "Excitability"
    },
    {
        "question": "What is the role of the interventricular septum in the heart?",
        "options": [
            "Separates the left atrium and left ventricle",
            "Separates the left and right atria",
            "Separates the left and right ventricles",
            "Separates the atria from the ventricles"
        ],
        "answer": "Separates the left and right ventricles"
    },
    {
        "question": "Which system is primarily responsible for delivering oxygen to the muscles during exercise?",
        "options": [
            "Nervous system",
            "Respiratory system",
            "Cardiovascular system",
            "Endocrine system"
        ],
        "answer": "Cardiovascular system"
    },
    {
        "question": "What does dorsiflexion refer to in terms of foot movement?",
        "options": [
            "Pointing the foot away from the tibia",
            "Bringing the dorsum of the foot toward the tibia",
            "Rotating the foot outward",
            "Moving the foot inward"
        ],
        "answer": "Bringing the dorsum of the foot toward the tibia"
    },
    {
        "question": "Which axis allows movements like abduction and adduction?",
        "options": [
            "Sagittal axis",
            "Coronal axis",
            "Vertical axis",
            "Transverse axis"
        ],
        "answer": "Sagittal axis"
    },
    {
        "question": "What is the primary energy source for muscle contractions?",
        "options": [
            "Glucose",
            "Adenosine triphosphate (ATP)",
            "Creatine phosphate",
            "Lactic acid"
        ],
        "answer": "Adenosine triphosphate (ATP)"
    },
    {
        "question": "What type of lever is characterized by the load being between the pivot and effort?",
        "options": [
            "First-class lever",
            "Second-class lever",
            "Third-class lever",
            "None of the above"
        ],
        "answer": "Second-class lever"
    },
    {
        "question": "Which muscle action involves the muscle lengthening as tension is produced?",
        "options": [
            "Concentric contraction",
            "Eccentric contraction",
            "Isometric contraction",
            "Static contraction"
        ],
        "answer": "Eccentric contraction"
    },
    {
        "question": "Which plane divides the body into left and right halves?",
        "options": [
            "Sagittal plane",
            "Frontal plane",
            "Transverse plane",
            "Coronal plane"
        ],
        "answer": "Sagittal plane"
    },
    {
        "question": "What is the primary function of ligaments?",
        "options": [
            "Connect bones to muscles",
            "Connect muscles to tendons",
            "Connect bones to bones",
            "Provide cushioning between bones"
        ],
        "answer": "Connect bones to bones"
    },
    {
        "question": "What type of joint is found in the shoulder and allows a wide range of motion?",
        "options": [
            "Hinge joint",
            "Pivotal joint",
            "Ball and socket joint",
            "Gliding joint"
        ],
        "answer": "Ball and socket joint"
    },
    {
        "question": "Which muscle tissue is non-striated and controlled by the autonomic nervous system?",
        "options": [
            "Skeletal muscle",
            "Cardiac muscle",
            "Smooth muscle",
            "Voluntary muscle"
        ],
        "answer": "Smooth muscle"
    },
    {
        "question": "What is the main purpose of the ATP-PC energy system?",
        "options": [
            "To provide energy for long-duration activities",
            "To generate energy for explosive, short-duration movements",
            "To produce energy aerobically",
            "To create energy through lactate"
        ],
        "answer": "To generate energy for explosive, short-duration movements"
    },
    {
        "question": "What term describes the movement of the scapula away from the midline of the body?",
        "options": [
            "Protraction",
            "Retraction",
            "Elevation",
            "Depression"
        ],
        "answer": "Protraction"
    },
    {
        "question": "What is the function of the tricuspid valve in the heart?",
        "options": [
            "Separates the left atrium from the left ventricle",
            "Separates the right atrium from the right ventricle",
            "Regulates blood flow to the lungs",
            "Regulates blood flow to the aorta"
        ],
        "answer": "Separates the right atrium from the right ventricle"
    },
    {
        "question": "What type of muscle fiber is referred to as 'red fibers' due to its high myoglobin content?",
        "options": [
            "Type I (slow-twitch)",
            "Type IIa (fast-twitch oxidative)",
            "Type IIb (fast-twitch glycolytic)",
            "Type III (hybrid)"
        ],
        "answer": "Type I (slow-twitch)"
    },
    {
        "question": "What anatomical movement describes rotating a joint away from the midline?",
        "options": [
            "Internal rotation",
            "External rotation",
            "Flexion",
            "Abduction"
        ],
        "answer": "External rotation"
    },
    {
        "question": "What component of the heart acts as the natural pacemaker?",
        "options": [
            "Atrioventricular node",
            "Sinoatrial node",
            "Purkinje fibers",
            "Bundle of His"
        ],
        "answer": "Sinoatrial node"
    },
    {
        "question": "What is the primary function of the pulmonary valve?",
        "options": [
            "To regulate blood flow from the right ventricle to the pulmonary artery",
            "To regulate blood flow from the left atrium to the left ventricle",
            "To regulate blood flow from the right atrium to the right ventricle",
            "To regulate blood flow from the left ventricle to the aorta"
        ],
        "answer": "To regulate blood flow from the right ventricle to the pulmonary artery"
    },
    {
        "question": "Which type of joint allows side-to-side and back-and-forth motion, such as in the wrist?",
        "options": [
            "Ball and socket joint",
            "Hinge joint",
            "Gliding joint",
            "Saddle joint"
        ],
        "answer": "Gliding joint"
    },
    {
        "question": "What is the primary purpose of slow-twitch (Type I) muscle fibers?",
        "options": [
            "Explosive power for short durations",
            "Sustaining force for long periods",
            "Generating quick, high-intensity movements",
            "Providing fast energy release without oxygen"
        ],
        "answer": "Sustaining force for long periods"
    },
    {
        "question": "Which anatomical movement decreases the angle between two bones?",
        "options": [
            "Flexion",
            "Extension",
            "Abduction",
            "Adduction"
        ],
        "answer": "Flexion"
    },
    {
        "question": "What is the role of the aortic valve in the heart?",
        "options": [
            "To prevent backflow into the left atrium",
            "To allow blood to flow from the left ventricle to the aorta",
            "To regulate blood flow into the pulmonary artery",
            "To separate the right atrium and right ventricle"
        ],
        "answer": "To allow blood to flow from the left ventricle to the aorta"
    },
    {
        "question": "What type of contraction occurs when the muscle shortens while producing tension?",
        "options": [
            "Concentric contraction",
            "Eccentric contraction",
            "Isometric contraction",
            "Static contraction"
        ],
        "answer": "Concentric contraction"
    },
    {
        "question": "Which plane divides the body into superior and inferior halves?",
        "options": [
            "Sagittal plane",
            "Frontal plane",
            "Transverse plane",
            "Coronal plane"
        ],
        "answer": "Transverse plane"
    },
    {
        "question": "What is the primary function of tendons?",
        "options": [
            "Connect muscles to bones",
            "Connect bones to ligaments",
            "Protect internal organs",
            "Store nutrients for muscles"
        ],
        "answer": "Connect muscles to bones"
    },
    {
        "question": "Which type of muscle tissue is found only in the heart?",
        "options": [
            "Skeletal muscle",
            "Smooth muscle",
            "Cardiac muscle",
            "Myocardial muscle"
        ],
        "answer": "Cardiac muscle"
    },
    {
        "question": "What is the name of the movement that combines flexion, extension, abduction, and adduction?",
        "options": [
            "Circumduction",
            "Rotation",
            "Pronation",
            "Supination"
        ],
        "answer": "Circumduction"
    },
    {
        "question": "What is the function of the coronary arteries in the heart?",
        "options": [
            "Carry oxygen-rich blood to the heart muscle",
            "Carry oxygen-poor blood away from the heart",
            "Regulate the heart's electrical signals",
            "Separate the left and right chambers of the heart"
        ],
        "answer": "Carry oxygen-rich blood to the heart muscle"
    },
    {
        "question": "Which muscle fibers are known for their high contraction speed and low endurance?",
        "options": [
            "Type I (slow-twitch)",
            "Type IIa (fast-twitch oxidative)",
            "Type IIb (fast-twitch glycolytic)",
            "Type III (hybrid)"
        ],
        "answer": "Type IIb (fast-twitch glycolytic)"
    },
    {
        "question": "What is the main structural component of bones?",
        "options": [
            "Collagen",
            "Keratin",
            "Elastin",
            "Actin"
        ],
        "answer": "Collagen"
    },
    {
        "question": "Which joint type allows movement in two planes, such as the thumb?",
        "options": [
            "Hinge joint",
            "Ball and socket joint",
            "Saddle joint",
            "Pivot joint"
        ],
        "answer": "Saddle joint"
    },
    {
        "question": "What is the function of the mitral valve in the heart?",
        "options": [
            "Separates the right atrium and right ventricle",
            "Separates the left atrium and left ventricle",
            "Regulates blood flow to the lungs",
            "Regulates blood flow to the aorta"
        ],
        "answer": "Separates the left atrium and left ventricle"
    },
    {
        "question": "Which energy system is primarily anaerobic and used during activities lasting up to 2 minutes?",
        "options": [
            "ATP-PC system",
            "Glycolytic system",
            "Oxidative system",
            "Aerobic system"
        ],
        "answer": "Glycolytic system"
    },
    {
        "question": "What type of joint connects the bones of the skull?",
        "options": [
            "Synovial joint",
            "Cartilaginous joint",
            "Fibrous joint",
            "Ball and socket joint"
        ],
        "answer": "Fibrous joint"
    },
    {
        "question": "Which property of muscle tissue allows it to stretch without damage?",
        "options": [
            "Elasticity",
            "Excitability",
            "Extensibility",
            "Contractility"
        ],
        "answer": "Extensibility"
    },
    {
        "question": "What movement occurs when the sole of the foot turns inward?",
        "options": [
            "Eversion",
            "Inversion",
            "Dorsiflexion",
            "Plantarflexion"
        ],
        "answer": "Inversion"
    },
    {
        "question": "What is the role of the AV (atrioventricular) node in the heart?",
        "options": [
            "Acts as the heart's pacemaker",
            "Delays electrical signals to allow ventricular filling",
            "Regulates blood flow to the lungs",
            "Separates the atria and ventricles"
        ],
        "answer": "Delays electrical signals to allow ventricular filling"
    },
    {
        "question": "What is the primary role of a Strength and Conditioning Coach in injury prevention?",
        "options": [
            "Designing injury treatment programs",
            "Minimizing injury through proper training techniques",
            "Managing the healthcare team",
            "Diagnosing athletic injuries"
        ],
        "answer": "Minimizing injury through proper training techniques"
    },
    {
        "question": "What type of muscle contraction occurs when the muscle lengthens while producing tension?",
        "options": [
            "Concentric contraction",
            "Eccentric contraction",
            "Isometric contraction",
            "Isotonic contraction"
        ],
        "answer": "Eccentric contraction"
    },
    {
        "question": "Which of the following describes the purpose of the sliding filament theory?",
        "options": [
            "To explain muscle contraction",
            "To describe the process of aerobic respiration",
            "To explain bone growth",
            "To describe how neurons transmit electrical signals"
        ],
        "answer": "To explain muscle contraction"
    },
    {
        "question": "Which of the following joints are classified as synovial joints?",
        "options": [
            "Skull sutures",
            "Elbow joint",
            "Pubic symphysis",
            "Intervertebral discs"
        ],
        "answer": "Elbow joint"
    },
    {
        "question": "What is the main energy source for muscles during high-intensity activities lasting up to 10 seconds?",
        "options": [
            "Creatine phosphate",
            "Fatty acids",
            "Glucose",
            "Oxygen"
        ],
        "answer": "Creatine phosphate"
    },
    {
        "question": "What is the role of the epimysium in muscle tissue?",
        "options": [
            "It surrounds individual muscle fibers",
            "It connects muscles to bones",
            "It surrounds the entire muscle group",
            "It allows for muscle contraction"
        ],
        "answer": "It surrounds the entire muscle group"
    },
    {
        "question": "What type of joint allows movement in one direction, such as the elbow?",
        "options": [
            "Ball and socket joint",
            "Hinge joint",
            "Pivotal joint",
            "Gliding joint"
        ],
        "answer": "Hinge joint"
    },
    {
        "question": "Which of the following is NOT a characteristic of smooth muscle?",
        "options": [
            "Involuntary",
            "Striated appearance",
            "Found in walls of blood vessels",
            "Uninucleate"
        ],
        "answer": "Striated appearance"
    },
    {
        "question": "Which of the following movements occurs in the coronal plane?",
        "options": [
            "Flexion and extension",
            "Abduction and adduction",
            "Rotation",
            "Pronation and supination"
        ],
        "answer": "Abduction and adduction"
    },
    {
        "question": "Which joint movement occurs when the angle between two bones decreases?",
        "options": [
            "Flexion",
            "Extension",
            "Abduction",
            "Circumduction"
        ],
        "answer": "Flexion"
    },
    {
        "question": "What is the function of the sodium-potassium pump in muscle contraction?",
        "options": [
            "To provide energy for contraction",
            "To maintain resting membrane potential",
            "To break down glycogen",
            "To release calcium from the sarcoplasmic reticulum"
        ],
        "answer": "To maintain resting membrane potential"
    },
    {
        "question": "What is the primary role of ATP in muscle contraction?",
        "options": [
            "It stimulates muscle growth",
            "It provides the energy required for muscle fibers to contract",
            "It stores energy for future use",
            "It breaks down lactate in muscles"
        ],
        "answer": "It provides the energy required for muscle fibers to contract"
    },
    {
        "question": "Which energy system is used during long-distance running or cycling?",
        "options": [
            "ATP-PCR system",
            "Glycolytic system",
            "Oxidative system",
            "Creatine phosphate system"
        ],
        "answer": "Oxidative system"
    },
    {
        "question": "Which of the following muscle fibers is more resistant to fatigue?",
        "options": [
            "Type I (slow-twitch)",
            "Type IIa (fast-twitch oxidative)",
            "Type IIb (fast-twitch glycolytic)",
            "Type III (hybrid)"
        ],
        "answer": "Type I (slow-twitch)"
    },
    {
        "question": "What type of muscle tissue is primarily responsible for the pumping of blood in the heart?",
        "options": [
            "Skeletal muscle",
            "Cardiac muscle",
            "Smooth muscle",
            "Striated muscle"
        ],
        "answer": "Cardiac muscle"
    },
    {
        "question": "What part of the heart receives deoxygenated blood from the body?",
        "options": [
            "Right atrium",
            "Left atrium",
            "Left ventricle",
            "Right ventricle"
        ],
        "answer": "Right atrium"
    },
    {
        "question": "Which type of joint allows rotation around a single axis?",
        "options": [
            "Ball and socket joint",
            "Hinge joint",
            "Pivotal joint",
            "Saddle joint"
        ],
        "answer": "Pivotal joint"
    },
    {
        "question": "Which of the following is NOT an example of a synovial joint?",
        "options": [
            "Elbow joint",
            "Knee joint",
            "Suture joints in the skull",
            "Shoulder joint"
        ],
        "answer": "Suture joints in the skull"
    },
    {
        "question": "What is the primary purpose of the cardiovascular system during exercise?",
        "options": [
            "Deliver oxygen to muscles",
            "Remove carbon dioxide from the body",
            "Transport nutrients to the muscles",
            "All of the above"
        ],
        "answer": "All of the above"
    },
    {
        "question": "What does the 'resting potential' of a muscle cell refer to?",
        "options": [
            "The period when the muscle is fully contracted",
            "The electrical charge difference across the cell membrane when the muscle is not contracting",
            "The maximum contraction force a muscle can generate",
            "The energy required to initiate muscle contraction"
        ],
        "answer": "The electrical charge difference across the cell membrane when the muscle is not contracting"
    },
    {
        "question": "Which structure in the muscle cell stores calcium ions?",
        "options": [
            "Mitochondria",
            "Endoplasmic Reticulum",
            "Sarcoplasmic Reticulum",
            "Nucleus"
        ],
        "answer": "Sarcoplasmic Reticulum"
    },
    {
        "question": "Which muscle action occurs when a muscle lengthens while producing tension?",
        "options": [
            "Concentric contraction",
            "Eccentric contraction",
            "Isometric contraction",
            "Static contraction"
        ],
        "answer": "Eccentric contraction"
    },
    {
        "question": "What part of the circulatory system is responsible for transporting oxygenated blood to the body?",
        "options": [
            "Pulmonary arteries",
            "Pulmonary veins",
            "Aorta",
            "Superior vena cava"
        ],
        "answer": "Aorta"
    },
    {
        "question": "Which part of the brain is primarily responsible for coordinating voluntary muscle movements?",
        "options": [
            "Cerebellum",
            "Medulla oblongata",
            "Frontal lobe",
            "Occipital lobe"
        ],
        "answer": "Cerebellum"
    },
    {
        "question": "Which muscle fiber type is most suited for activities like marathon running?",
        "options": [
            "Type I (slow-twitch)",
            "Type IIa (fast-twitch oxidative)",
            "Type IIb (fast-twitch glycolytic)",
            "Type III (hybrid)"
        ],
        "answer": "Type I (slow-twitch)"
    },
    {
        "question": "What is the anatomical term for the bottom of the foot?",
        "options": [
            "Dorsum",
            "Plantar",
            "Palmar",
            "Cranial"
        ],
        "answer": "Plantar"
    },
    {
        "question": "Which part of the bone contains the red bone marrow responsible for blood cell production?",
        "options": [
            "Periosteum",
            "Epiphysis",
            "Diaphysis",
            "Endosteum"
        ],
        "answer": "Epiphysis"
    },
    {
        "question": "What type of joint is found at the elbow, allowing for flexion and extension?",
        "options": [
            "Ball and socket joint",
            "Hinge joint",
            "Pivot joint",
            "Saddle joint"
        ],
        "answer": "Hinge joint"
    },
    {
        "question": "Which muscle group is responsible for flexing the knee?",
        "options": [
            "Quadriceps",
            "Hamstrings",
            "Gastrocnemius",
            "Gluteus maximus"
        ],
        "answer": "Hamstrings"
    },
    {
        "question": "Which part of the skeletal system is primarily responsible for protecting the organs?",
        "options": [
            "Long bones",
            "Flat bones",
            "Short bones",
            "Irregular bones"
        ],
        "answer": "Flat bones"
    },
    {
        "question": "What is the main function of the respiratory system?",
        "options": [
            "Transport oxygen to cells",
            "Break down food into energy",
            "Regulate blood pressure",
            "Facilitate gas exchange (O2 and CO2)"
        ],
        "answer": "Facilitate gas exchange (O2 and CO2)"
    },
    {
        "question": "What is the name of the muscle that helps in the movement of the jaw?",
        "options": [
            "Sternocleidomastoid",
            "Masseter",
            "Deltoid",
            "Biceps brachii"
        ],
        "answer": "Masseter"
    },
    {
        "question": "What type of muscle contraction occurs when muscle tension is produced but the muscle does not change length?",
        "options": [
            "Concentric contraction",
            "Eccentric contraction",
            "Isometric contraction",
            "Isotonic contraction"
        ],
        "answer": "Isometric contraction"
    },
    {
        "question": "What is the term for the ability of the muscle to return to its resting length after being stretched?",
        "options": [
            "Elasticity",
            "Excitability",
            "Contractility",
            "Extensibility"
        ],
        "answer": "Elasticity"
    },
    {
        "question": "What is the primary role of the cardiovascular system?",
        "options": [
            "Control movement",
            "Transport oxygen and nutrients to cells",
            "Digest food",
            "Regulate body temperature"
        ],
        "answer": "Transport oxygen and nutrients to cells"
    },
    {
        "question": "Which type of joint allows for rotational movement around a single axis, such as in the neck?",
        "options": [
            "Hinge joint",
            "Ball and socket joint",
            "Pivot joint",
            "Saddle joint"
        ],
        "answer": "Pivot joint"
    },
    {
        "question": "What structure in the muscle cells allows for energy storage?",
        "options": [
            "Mitochondria",
            "Glycogen granules",
            "Endoplasmic reticulum",
            "Nucleus"
        ],
        "answer": "Glycogen granules"
    },
    {
        "question": "What is the term used for the process where oxygen is used to generate energy in muscles?",
        "options": [
            "Glycolysis",
            "Anaerobic metabolism",
            "Aerobic metabolism",
            "Fermentation"
        ],
        "answer": "Aerobic metabolism"
    },
    {
        "question": "What is the primary difference between Type I and Type II muscle fibers?",
        "options": [
            "Type I fibers are more prone to fatigue",
            "Type I fibers have more mitochondria",
            "Type II fibers are used for endurance",
            "Type II fibers are more energy efficient"
        ],
        "answer": "Type I fibers have more mitochondria"
    },
    {
        "question": "Which energy system is predominantly used during a 100-meter sprint?",
        "options": [
            "ATP-PC system",
            "Glycolytic system",
            "Oxidative system",
            "Lactic acid system"
        ],
        "answer": "ATP-PC system"
    },
    {
        "question": "When doing speed drills with max effort, a good rule of thumb for rest is:",
        "options": [
          "30 seconds of rest for every second of work",
          "One minute of rest for every second of work",
          "Two minutes of rest for every second of work",
          "Rest equal to the work time"
        ],
        "answer": "One minute of rest for every second of work"
      },
      {
        "question": "What does RSA stand for?",
        "options": [
          "Rapid Speed Acceleration",
          "Repeated Sprint Ability",
          "Reactive Strength Agility",
          "Rotational Speed Agility"
        ],
        "answer": "Repeated Sprint Ability"
      },
      {
        "question": "Aerobic exercise primarily uses which energy system?",
        "options": [
          "ATP-PCr system",
          "Glycolytic system",
          "Oxidative system",
          "Phosphagen system"
        ],
        "answer": "Oxidative system"
      },
      {
        "question": "Anaerobic exercise is driven by:",
        "options": [
          "Oxygen uptake",
          "Energy sources within the muscles",
          "Increased heart rate",
          "Increased breathing rate"
        ],
        "answer": "Energy sources within the muscles"
      },
      {
        "question": "Which of the following is NOT a health-related benefit of aerobic exercise?",
        "options": [
          "Decreased risk of osteoporosis",
          "Improved body composition",
          "Increased risk of injury",
          "Enhanced immune function"
        ],
        "answer": "Increased risk of injury"
      },
      {
        "question": "According to WHO, adults aged 18-64 should do at least how many minutes of moderate-intensity aerobic activity per week?",
        "options": [
          "75",
          "100",
          "150",
          "200"
        ],
        "answer": "150"
      },
      {
        "question": "RPE stands for:",
        "options": [
          "Rate of Perceived Exertion",
          "Rating of Physical Endurance",
          "Respiratory Performance Evaluation",
          "Resting Pulse Evaluation"
        ],
        "answer": "Rate of Perceived Exertion"
      },
      {
        "question": "1 MET is equal to:",
        "options": [
          "2.5mL/kg/min",
          "3.5mL/kg/min",
          "4.5mL/kg/min",
          "5.5mL/kg/min"
        ],
        "answer": "3.5mL/kg/min"
      },
        {
        "question": "What does HRR stand for?",
        "options": [
          "Heart Rate Recovery",
          "Heart Rate Reserve",
          "High Resistance Repetition",
          "Hormone Release Response"
        ],
        "answer": "Heart Rate Reserve"
      },
      {
        "question": "A proper aerobic training session should include which phases?",
        "options": [
          "Warm-up, Conditioning, Cool-down",
          "Stretching, Conditioning, Cool-down",
          "Warm-up, Stretching, Conditioning",
          "Conditioning, Cool-down, Stretching"
        ],
        "answer": "Warm-up, Conditioning, Cool-down"
      },
      {
        "question": "Which of the following is NOT a principle of rehabilitation and reconditioning?",
        "options": [
          "Healing tissues can be stressed too much.",
          "Athletes need to meet criteria to progress.",
          "Programs must be adaptable.",
          "Rehabilitation is an individual process."
        ],
        "answer": "Rehabilitation is an individual process."
      },
      {
        "question": "A sudden overload injury to tissues is known as:",
        "options": [
          "Microtrauma",
          "Macrotrauma",
          "Tendinitis",
          "Stress fracture"
        ],
        "answer": "Macrotrauma"
      },
      {
        "question": "A complete tear of a ligament is classified as a:",
        "options": [
          "First degree sprain",
          "Second degree sprain",
          "Third degree sprain",
          "Contusion"
        ],
        "answer": "Third degree sprain"
      },
      {
        "question": "Repeated abnormal stress on tissues leads to:",
        "options": [
          "Macrotrauma",
          "Microtrauma",
          "Sprain",
          "Strain"
        ],
        "answer": "Microtrauma"
      },
      {
        "question": "Which of these is a sign of inflammation?",
        "options": [
          "Increased collagen synthesis",
          "Decreased pain",
          "Redness",
          "Decreased inflammatory cells"
        ],
        "answer": "Redness"
      },
      {
        "question": "The fibroblastic repair phase is characterized by:",
        "options": [
          "Proper collagen fiber alignment",
          "Collagen fiber production",
          "Increased tissue strength",
          "Decreased inflammatory cells"
        ],
        "answer": "Collagen fiber production"
      },
      {
        "question": "The maturation remodeling phase focuses on:",
        "options": [
          "Preventing disruption of new tissues",
          "Preventing muscle atrophy",
          "Optimizing tissue function",
          "Minimizing pain"
        ],
        "answer": "Optimizing tissue function"
      },
      {
        "question": "During the inflammation response phase, the treatment goal is to:",
        "options": [
          "Optimize tissue function",
          "Prevent disruption of new tissues",
          "Increase muscle strength",
          "Improve range of motion"
        ],
        "answer": "Prevent disruption of new tissues"
      },
      {
        "question": "Submax isometric exercises are recommended during which phase?",
        "options": [
          "Inflammation Response Phase",
          "Fibroblastic Repair Phase",
          "Maturation Remodeling Phase",
          "All phases"
        ],
        "answer": "Fibroblastic Repair Phase"
      },
      {
        "question": "Exercises where the terminal joint is fixed are called:",
        "options": [
          "Open Kinetic Chain",
          "Closed Kinetic Chain",
          "Isometric exercises",
          "Isokinetic exercises"
        ],
        "answer": "Closed Kinetic Chain"
      },
        {
        "question": "A seated knee extension is an example of:",
        "options": [
          "Open Kinetic Chain exercise",
          "Closed Kinetic Chain exercise",
          "Isometric exercise",
          "Plyometric exercise"
        ],
        "answer": "Open Kinetic Chain exercise"
      },
          {
        "question": "What does DAPRE stand for?",
        "options": [
          "Daily Adjustable Progressive Resistance Exercise",
          "Dynamic Adaptive Power Resistance Exercise",
          "Dynamic Adjustable Progressive Range Exercise",
          "Daily Adaptive Power Range Exercise"
        ],
        "answer": "Daily Adjustable Progressive Resistance Exercise"
      },
      {
        "question": "What is crucial for athletes' ATP and CP restoration when focusing on speed improvement?",
        "options": [
          "High volume training",
          "Focusing on quantity of work",
          "Focusing on quality of work",
          "Ignoring rest periods"
        ],
        "answer": "Focusing on quality of work"
      },
      {
        "question": "For submaximal speed or technique drills, what is the recommended rest period?",
        "options": [
          "Same as maximal effort drills",
          "Longer than maximal effort drills",
          "Shorter than maximal effort drills",
          "No rest is needed"
        ],
        "answer": "Shorter than maximal effort drills"
      },
      {
        "question": "What should coaches do if an athlete's mechanics worsen during speed drills?",
        "options": [
          "Push them harder",
          "Reduce the rest period",
          "Allow them more rest",
          "Switch to a different drill"
        ],
        "answer": "Allow them more rest"
      },
      {
        "question": "What is a productive use of time between speed drills?",
        "options": [
          "Socializing with other athletes",
          "Reviewing video of the athlete's performance",
          "Resting passively",
          "Performing static stretches"
        ],
        "answer": "Reviewing video of the athlete's performance"
      },
      {
        "question": "What type of output is typical in most sports?",
        "options": [
          "Steady state output",
          "Repeated bursts of activity with recovery periods",
          "Continuous high-intensity output",
          "Low-intensity continuous activity"
        ],
        "answer": "Repeated bursts of activity with recovery periods"
      },
      {
        "question": "What is the focus of conditioning drills as an athlete gets closer to the season?",
        "options": [
          "Improving maximal strength",
          "Improving cardiovascular endurance",
          "Preparing them for the specific demands of the sport",
          "Improving flexibility"
        ],
        "answer": "Preparing them for the specific demands of the sport"
      },
      {
        "question": "What factors make drills more challenging?",
        "options": [
          "Shorter duration, less resistance, fewer changes of direction",
          "Longer duration, resistance, more changes of direction",
          "Shorter duration, resistance, more changes of direction",
          "Longer duration, less resistance, fewer changes of direction"
        ],
        "answer": "Longer duration, resistance, more changes of direction"
      },
      {
        "question": "What is the key characteristic of aerobic exercise?",
        "options": [
          "Short bursts of high intensity",
          "Uses large muscle groups, rhythmic and continuous",
          "Relies on energy sources within muscles",
          "Focuses on power and strength"
        ],
        "answer": "Uses large muscle groups, rhythmic and continuous"
      },
      {
        "question": "What is the primary energy source for anaerobic exercise?",
        "options": [
          "Oxygen uptake",
          "ATP within the muscles",
          "Fatty acids",
          "Carbohydrates"
        ],
        "answer": "ATP within the muscles"
      },
      {
        "question": "What is important to consider when choosing aerobic exercises?",
        "options": [
          "Only high-intensity activities",
          "Convenience, comfort, and enjoyment",
          "Activities that require specialized equipment",
          "Activities that are difficult and challenging"
        ],
        "answer": "Convenience, comfort, and enjoyment"
      },
        {
        "question": "What is a crucial consideration to avoid during exercise?",
        "options": [
          "Too much too soon",
          "Appropriate warm-up",
          "Gradual increase in activity",
          "Appropriate cool-down"
        ],
        "answer": "Too much too soon"
      },
      {
        "question": "Which of the following is an example of an aerobic activity?",
        "options": [
          "Sprinting 100 meters",
          "Weightlifting a heavy barbell",
          "Swimming laps continuously",
          "Performing a single maximal jump"
        ],
        "answer": "Swimming laps continuously"
      },
      {
        "question": "Aerobic exercise improves which of the following?",
        "options": [
          "Blood lipid profile",
          "Risk of injury",
          "Muscle strength",
          "Flexibility"
        ],
        "answer": "Blood lipid profile"
      },
      {
        "question": "Aerobic exercise helps in resynthesizing what during low activity between high efforts?",
        "options": [
          "ATP",
          "PCR",
          "Lactate",
          "Glycogen"
        ],
        "answer": "PCR"
      },
      {
        "question": "What does aerobic exercise liberate for fuel?",
        "options": [
          "Glucose",
          "Amino acids",
          "Free fatty acids",
          "Glycogen"
        ],
        "answer": "Free fatty acids"
      },
      {
        "question": "What does aerobic exercise improve regarding high intensity training sessions?",
        "options": [
          "Time to fatigue",
          "Recovery between sessions",
          "Muscle soreness",
          "Risk of overtraining"
        ],
        "answer": "Recovery between sessions"
      },
      {
        "question": "What is the recommendation for vigorous-intensity aerobic physical activity from WHO for adults aged 18-64?",
        "options": [
          "At least 75 minutes per week",
          "At least 150 minutes per week",
          "At least 30 minutes per week",
          "At least 200 minutes per week"
        ],
        "answer": "At least 75 minutes per week"
      },
      {
        "question": "What is a subjective measure of exertion during exercise?",
        "options": [
          "Heart rate",
          "VO2 max",
          "RPE",
          "METs"
        ],
        "answer": "RPE"
      },
      {
        "question": "What does MET stand for?",
        "options": [
          "Metabolic Energy Threshold",
          "Metabolic Equivalent",
          "Maximum Energy Transfer",
          "Muscle Energy Transformation"
        ],
        "answer": "Metabolic Equivalent"
      },
      {
        "question": "What is the traditional gold standard for measuring cardiorespiratory fitness?",
        "options": [
          "Heart rate",
          "VO2 max",
          "RPE",
          "METs"
        ],
        "answer": "VO2 max"
      },
      {
        "question": "What does the 'talk test' informally assess?",
        "options": [
          "Muscular strength",
          "Flexibility",
          "Anaerobic threshold",
          "Balance"
        ],
        "answer": "Anaerobic threshold"
      },
      {
        "question": "What should be progressively overloaded in cardiorespiratory exercise?",
        "options": [
          "Only duration",
          "Only frequency",
          "Intensity or other variables",
          "Only type of activity"
        ],
        "answer": "Intensity or other variables"
      },
        {
        "question": "A warm-up phase should last for approximately:",
        "options": [
          "2-3 minutes",
          "5-10 minutes",
          "15-20 minutes",
          "30 minutes"
        ],
        "answer": "5-10 minutes"
      },
        {
        "question": "The conditioning phase of an aerobic session should last at least:",
        "options": [
          "10 minutes",
          "20 minutes",
          "30 minutes",
          "40 minutes"
        ],
        "answer": "20 minutes"
      },
      {
        "question": "The cool-down phase helps what physiological parameters return to resting levels?",
        "options": [
          "Muscle temperature only",
          "Heart rate and blood pressure",
          "Respiratory rate only",
          "Core temperature only"
        ],
        "answer": "Heart rate and blood pressure"
      },
      {
        "question": "Stretching should be done for at least how long?",
        "options": [
          "5 minutes",
          "10 minutes",
          "15 minutes",
          "20 minutes"
        ],
        "answer": "10 minutes"
      },
      {
        "question": "What is a benefit of exercising barefooted?",
        "options": [
          "Decreased engagement of the nervous and musculoskeletal systems",
          "Increased risk of injury",
          "Greater engagement of the nervous and musculoskeletal systems",
          "Reduced foot strength"
        ],
        "answer": "Greater engagement of the nervous and musculoskeletal systems"
      },
      {
        "question": "What is the goal of warm-up drills like slant-board holds and low-level jumping?",
        "options": [
          "Increase ground contact time",
          "Minimize ground contact time",
          "Improve flexibility",
          "Increase muscle soreness"
        ],
        "answer": "Minimize ground contact time"
      },
      {
        "question": "Faster athletes differ from slower athletes in what way regarding ground force?",
        "options": [
          "Produce less force over a longer time",
          "Produce greater force over a shorter time",
          "Produce the same force over the same time",
          "Produce less force over a shorter time"
        ],
        "answer": "Produce greater force over a shorter time"
      },
      {
        "question": "What is a characteristic of a 'stiff foot' during ground contact?",
        "options": [
          "Increased heel movement towards the ground",
          "Decreased heel movement towards the ground",
          "No movement of the heel",
          "Lateral movement of the heel"
        ],
        "answer": "Decreased heel movement towards the ground"
      },
      {
        "question": "What is a coach's primary goal regarding athlete movement?",
        "options": [
          "Increase training volume",
          "Improve the quality of movement",
          "Focus on maximal strength gains",
          "Minimize rest periods"
        ],
        "answer": "Improve the quality of movement"
      },
      {
        "question": "What does improved efficiency in movement lead to?",
        "options": [
          "Decreased speed",
          "Improved speed",
          "Increased risk of injury",
          "Decreased power"
        ],
        "answer": "Improved speed"
      },
      {
        "question": "What are key elements of good quality of movement?",
        "options": [
          "Poor posture, ineffective hip position, negative shin angle",
          "Proper posture, effective hip position, good shin angle",
          "Rounded back, high hips, vertical shin angle",
          "Excessive leaning, low hips, negative shin angle"
        ],
        "answer": "Proper posture, effective hip position, good shin angle"
      },
      {
        "question": "What should coaches do before having athletes perform drills?",
        "options": [
          "Immediately start the drill",
          "Check for proper setup and posture",
          "Focus only on the drill execution",
          "Ignore any postural issues"
        ],
        "answer": "Check for proper setup and posture"
      },
      {
        "question": "What is the focus of acceleration training?",
        "options": [
          "Producing vertical force",
          "Producing horizontal force",
          "Maintaining an upright posture",
          "Minimizing ground contact time"
        ],
        "answer": "Producing horizontal force"
      },
      {
        "question": "What does a vertical shin angle during acceleration indicate?",
        "options": [
          "Efficient acceleration",
          "Inefficient acceleration",
          "Optimal horizontal force production",
          "Proper posture"
        ],
        "answer": "Inefficient acceleration"
      },
      {
        "question": "Which training tool is the author partial to for resisted sprints?",
        "options": [
          "Waist harness",
          "Sled",
          "Resistance bands",
          "Shoulder harness"
        ],
        "answer": "Shoulder harness"
      },
      {
        "question": "What is emphasized in maximum speed training?",
        "options": [
          "Poor posture and inefficient mechanics",
          "Good posture and proper front-side positioning",
          "Backside mechanics only",
          "Minimizing rest periods"
        ],
        "answer": "Good posture and proper front-side positioning"
      },
      {
        "question": "What is the focus of backside mechanics?",
        "options": [
          "Slow turnover and minimal hamstring activation",
          "Quick turnover and hamstring activation",
          "Focusing only on hip extension",
          "Ignoring foot contact"
        ],
        "answer": "Quick turnover and hamstring activation"
      },
      {
        "question": "What is a key difference in speed training for field athletes versus track athletes?",
        "options": [
          "Field athletes primarily need top-end speed",
          "Track athletes primarily need acceleration",
          "Field athletes need more emphasis on acceleration and deceleration",
          "Track athletes need more emphasis on change of direction"
        ],
        "answer": "Field athletes need more emphasis on acceleration and deceleration"
      },
      {
        "question": "What is rarely seen in field sports regarding sprinting?",
        "options": [
          "Stopping and starting",
          "Cutting and changing direction",
          "Sprinting in a straight line for long distances",
          "Slowing down"
        ],
        "answer": "Sprinting in a straight line for long distances"
      },
      {
        "question": "What plays a more important role for field sport athletes?",
        "options": [
          "Endurance",
          "Acceleration",
          "Top-end speed",
          "Flexibility"
        ],
        "answer": "Acceleration"
      },
      {
        "question": "What is a consequence of poor acceleration for basketball players?",
        "options": [
          "Increased shooting accuracy",
          "Difficulty on defense and creating offense",
          "Improved rebounding ability",
          "Reduced risk of injury"
        ],
        "answer": "Difficulty on defense and creating offense"
      },
      {
        "question": "What should be the primary emphasis of speed training for field athletes?",
        "options": [
          "Top-end speed",
          "Acceleration and deceleration",
          "Endurance",
          "Flexibility"
        ],
        "answer": "Acceleration and deceleration"
      },
      {
        "question": "What can be used to promote strength during change of direction drills?",
        "options": [
          "Light weights",
          "Resistance bands",
          "Plyometric boxes",
          "Medicine balls"
        ],
        "answer": "Resistance bands"
      },
      {
        "question": "What is the focus when using an athlete to pull another athlete into a change of direction?",
        "options": [
          "Acceleration",
          "Deceleration",
          "Top-end speed",
          "Agility"
        ],
        "answer": "Deceleration"
      },
      {
        "question": "What is more important for track athletes compared to field athletes?",
        "options": [
          "Acceleration",
          "Deceleration",
          "Top-end speed",
          "Change of direction"
        ],
        "answer": "Top-end speed"
      },
      {
        "question": "What is important to transition to after rehearsed drills?",
        "options": [
          "Static stretching",
          "Reactive-based speed drills",
          "Strength training",
          "Endurance training"
        ],
        "answer": "Reactive-based speed drills"
      },
      {
        "question": "What is the purpose of progressively exposing athletes to unpredictable environments?",
        "options": [
          "Increase risk of injury",
          "Develop reactive movement skills",
          "Improve cardiovascular fitness",
          "Increase muscle mass"
        ],
        "answer": "Develop reactive movement skills"
      },
      {
        "question": "What are examples of reactive drills?",
        "options": [
          "A-skips and B-skips",
          "Sprinting to a colored cone and reacting to another athlete",
          "Static stretches",
          "Isometric exercises"
        ],
        "answer": "Sprinting to a colored cone and reacting to another athlete"
      },
      {
        "question": "What is running considered to be, similar to hitting a baseball or kicking a soccer ball?",
        "options": [
          "A natural instinct",
          "A skill",
          "An innate ability",
          "A form of conditioning"
        ],
        "answer": "A skill"
      },
      {
        "question": "What should be taught before transitioning athletes to a completely reactive-based program?",
        "options": [
          "Advanced plyometrics",
          "All of the fundamentals of the skill",
          "Maximal strength training",
          "Endurance running"
        ],
        "answer": "All of the fundamentals of the skill"
      },
      {
        "question": "How does skill acquisition progress?",
        "options": [
          "Subconscious thought to conscious thought",
          "Conscious thought to subconscious thought",
          "Reflexive action to conscious thought",
          "Innate ability to conscious thought"
        ],
        "answer": "Conscious thought to subconscious thought"
      },
      {
        "question": "What is covered in a typical speed session?",
        "options": [
          "Only reactive drills",
          "Only conditioning drills",
          "Technique, mechanics, and reactive drills",
          "Only strength training"
        ],
        "answer": "Technique, mechanics, and reactive drills"
      },
      {
        "question": "Why is reactive speed work included in every speed session?",
        "options": [
          "To improve cardiovascular fitness",
          "To address the cognitive components of sports",
          "To increase muscle mass",
          "To reduce risk of injury"
        ],
        "answer": "To address the cognitive components of sports"
      },
      {
        "question": "What happens when an athlete focuses on cognitive components during reactive drills?",
        "options": [
          "They can consciously think about mechanics",
          "They cannot consciously think about mechanics",
          "Their speed decreases",
          "Their risk of injury increases"
        ],
        "answer": "They cannot consciously think about mechanics"
      },
      {
        "question": "What is a common mistake coaches make regarding speed development?",
        "options": [
          "Allowing too much rest",
          "Not allowing ample rest",
          "Focusing only on mechanics",
          "Ignoring reactive drills"
        ],
        "answer": "Not allowing ample rest"
      },
      {
        "question": "What does insufficient rest between speed drills cause?",
        "options": [
          "Improved speed and power",
          "The session to become conditioning instead of speed work",
          "Increased muscle hypertrophy",
          "Decreased risk of injury"
        ],
        "answer": "The session to become conditioning instead of speed work"
      },
        {
        "question": "What is the primary focus when improving athlete's movement quality?",
        "options": [
          "Increasing training volume",
          "Maximizing weight lifted",
          "Eliminating gross faults and fine-tuning mechanics",
          "Minimizing rest time"
        ],
        "answer": "Eliminating gross faults and fine-tuning mechanics"
      },
      {
        "question": "What should a coach consider when an athlete performs a side shuffle?",
        "options": [
          "Only the speed of the movement",
          "Posture, hip position, and shin angle",
          "Only foot placement",
          "Only arm movement"
        ],
        "answer": "Posture, hip position, and shin angle"
      },
      {
        "question": "What is the result of a vertical force into the ground during acceleration?",
        "options": [
          "Efficient forward movement",
          "Standing upright instead of leaning",
          "Increased stride length",
          "Improved ground contact time"
        ],
        "answer": "Standing upright instead of leaning"
      },
        {
        "question": "What is the benefit of using a shoulder harness for resisted sprints over a waist harness?",
        "options": [
          "It allows for greater range of motion",
          "It helps maintain better posture and prevents excessive hip bending",
          "It is easier to set up",
          "It is less expensive"
        ],
        "answer": "It helps maintain better posture and prevents excessive hip bending"
      },
      {
        "question": "What is the importance of building a solid foundation of mechanics from the start?",
        "options": [
          "It limits potential for future improvement",
          "It sets the athlete up for future success",
          "It increases the risk of injury",
          "It makes training more difficult"
        ],
        "answer": "It sets the athlete up for future success"
      },
      {
        "question": "What happens if mechanics are not addressed in speed training?",
        "options": [
          "The athlete will continuously improve their speed",
          "The athlete will quickly plateau",
          "The athlete will become more resistant to injury",
          "The athlete will require less training"
        ],
        "answer": "The athlete will quickly plateau"
      },
      {
        "question": "What is the importance of acceleration for field sport athletes?",
        "options": [
          "It is less important than top-end speed",
          "It is crucial for quick stops, starts, and changes of direction",
          "It is only important for linear movements",
          "It is not important for defensive plays"
        ],
        "answer": "It is crucial for quick stops, starts, and changes of direction"
      },
      {
        "question": "What is the primary focus of speed training for track athletes?",
        "options": [
          "Acceleration and deceleration",
          "Change of direction",
          "Top-end speed",
          "Agility"
        ],
        "answer": "Top-end speed"
      },
        {
        "question": "What is the purpose of using resistance bands in change of direction drills?",
        "options": [
          "To reduce muscle activation",
          "To promote more strength through the movement",
          "To decrease the range of motion",
          "To minimize eccentric loading"
        ],
        "answer": "To promote more strength through the movement"
      },
      {
        "question": "What is the purpose of using an athlete to pull another athlete in change of direction drills?",
        "options": [
          "To focus on acceleration",
          "To focus on deceleration",
          "To focus on top-end speed",
          "To focus on agility"
        ],
        "answer": "To focus on deceleration"
      },
        {
        "question": "What is the first step in skill acquisition?",
        "options": [
          "Subconscious execution",
          "Conscious thought of how to move",
          "Reflexive action",
          "Innate ability"
        ],
        "answer": "Conscious thought of how to move"
      },
      {
        "question": "What happens to skill execution with more practice?",
        "options": [
          "It becomes more conscious",
          "It remains the same",
          "It becomes a subconscious thought",
          "It becomes more difficult"
        ],
        "answer": "It becomes a subconscious thought"
      },
      {
        "question": "What is the analogy used to explain the importance of teaching fundamentals before reactive drills?",
        "options": [
          "Learning to drive a car before racing",
          "Learning to read before writing a novel",
          "Learning to skate before playing ice hockey",
          "Learning to swim before diving"
        ],
        "answer": "Learning to skate before playing ice hockey"
      },
        {
        "question": "What is the goal of barefoot warm-ups regarding ground contact time?",
        "options": [
          "Maximize ground contact time",
          "Minimize ground contact time",
          "Maintain consistent ground contact time",
          "Vary ground contact time"
        ],
        "answer": "Minimize ground contact time"
      },
      {
        "question": "What do faster athletes produce more of compared to slower athletes?",
        "options": [
          "Less force over a longer time",
          "Greater force over a shorter time",
          "The same force over the same time",
          "Less force over a shorter time"
        ],
        "answer": "Greater force over a shorter time"
      },
      {
        "question": "What does a stiff foot indicate during ground contact?",
        "options": [
          "More heel movement towards the ground",
          "Less heel movement towards the ground",
          "No heel movement",
          "Lateral heel movement"
        ],
        "answer": "Less heel movement towards the ground"
      },
      {
        "question": "What is the coach's number one goal regarding athlete movement?",
        "options": [
          "Increase muscle mass",
          "Improve the quality of movement",
          "Maximize training volume",
          "Minimize rest periods"
        ],
        "answer": "Improve the quality of movement"
      }
]
