{
    "mns": {
        "password": "123",
        "history": [
            {
                "score": 0,
                "total": 20,
                "result": "Fail",
                "incorrect_questions": [
                    {
                        "question": "Which muscle fibers are known for their high contraction speed and low endurance?",
                        "selected_option": null,
                        "correct_answer": "Type IIb (fast-twitch glycolytic)"
                    },
                    {
                        "question": "What is the function of tendons in the muscular system?",
                        "selected_option": null,
                        "correct_answer": "Connect muscles to bones"
                    },
                    {
                        "question": "Which muscle tissue is non-striated and controlled by the autonomic nervous system?",
                        "selected_option": null,
                        "correct_answer": "Smooth muscle"
                    },
                    {
                        "question": "What is the primary purpose of slow-twitch (Type I) muscle fibers?",
                        "selected_option": null,
                        "correct_answer": "Sustaining force for long periods"
                    },
                    {
                        "question": "Which anatomical movement decreases the angle between two bones?",
                        "selected_option": null,
                        "correct_answer": "Flexion"
                    },
                    {
                        "question": "What is the role of the AV (atrioventricular) node in the heart?",
                        "selected_option": null,
                        "correct_answer": "Delays electrical signals to allow ventricular filling"
                    },
                    {
                        "question": "Which plane divides the body into superior and inferior halves?",
                        "selected_option": null,
                        "correct_answer": "Transverse plane"
                    },
                    {
                        "question": "Which joint type is responsible for movements like flexion and extension?",
                        "selected_option": null,
                        "correct_answer": "Hinge joint"
                    },
                    {
                        "question": "What type of muscle fibre is responsible for quick bursts of power?",
                        "selected_option": null,
                        "correct_answer": "Type IIb (fast-twitch glycolytic)"
                    },
                    {
                        "question": "What is the function of the coronary arteries in the heart?",
                        "selected_option": null,
                        "correct_answer": "Carry oxygen-rich blood to the heart muscle"
                    },
                    {
                        "question": "What component of the heart acts as the natural pacemaker?",
                        "selected_option": null,
                        "correct_answer": "Sinoatrial node"
                    },
                    {
                        "question": "What is the main function of the cardiovascular system?",
                        "selected_option": null,
                        "correct_answer": "Carrying oxygen and nutrients to cells"
                    },
                    {
                        "question": "Which of the following describes cartilaginous joints?",
                        "selected_option": null,
                        "correct_answer": "Partly movable joints"
                    },
                    {
                        "question": "What is the primary function of ligaments?",
                        "selected_option": null,
                        "correct_answer": "Connect bones to bones"
                    },
                    {
                        "question": "What movement describes bringing a body part closer to the midline?",
                        "selected_option": null,
                        "correct_answer": "Adduction"
                    },
                    {
                        "question": "What energy system is used for short, explosive movements and does not require oxygen?",
                        "selected_option": null,
                        "correct_answer": "ATP-PC system"
                    },
                    {
                        "question": "What is the function of the tricuspid valve in the heart?",
                        "selected_option": null,
                        "correct_answer": "Separates the right atrium from the right ventricle"
                    },
                    {
                        "question": "What does the sliding filament theory explain?",
                        "selected_option": null,
                        "correct_answer": "How muscles contract"
                    },
                    {
                        "question": "What is the primary role of a Strength and Conditioning Coach?",
                        "selected_option": null,
                        "correct_answer": "All of the above"
                    },
                    {
                        "question": "What is the main purpose of the ATP-PC energy system?",
                        "selected_option": "To provide energy for long-duration activities",
                        "correct_answer": "To generate energy for explosive, short-duration movements"
                    }
                ]
            },
            {
                "score": 0,
                "total": 20,
                "result": "Fail",
                "incorrect_questions": [
                    {
                        "question": "Which system is primarily responsible for delivering oxygen to the muscles during exercise?",
                        "selected_option": "Respiratory system",
                        "correct_answer": "Cardiovascular system"
                    },
                    {
                        "question": "Which muscle tissue is non-striated and controlled by the autonomic nervous system?",
                        "selected_option": null,
                        "correct_answer": "Smooth muscle"
                    },
                    {
                        "question": "What is the role of the aortic valve in the heart?",
                        "selected_option": null,
                        "correct_answer": "To allow blood to flow from the left ventricle to the aorta"
                    },
                    {
                        "question": "What does dorsiflexion refer to in terms of foot movement?",
                        "selected_option": null,
                        "correct_answer": "Bringing the dorsum of the foot toward the tibia"
                    },
                    {
                        "question": "What is the role of myofibrils in skeletal muscles?",
                        "selected_option": null,
                        "correct_answer": "Contribute to muscle contraction"
                    },
                    {
                        "question": "Which type of joint allows rotational movement, such as at the neck?",
                        "selected_option": null,
                        "correct_answer": "Pivotal joint"
                    },
                    {
                        "question": "What is the primary function of ligaments?",
                        "selected_option": null,
                        "correct_answer": "Connect bones to bones"
                    },
                    {
                        "question": "Which plane divides the body into left and right halves?",
                        "selected_option": null,
                        "correct_answer": "Sagittal plane"
                    },
                    {
                        "question": "Which muscle fibers are known for their high contraction speed and low endurance?",
                        "selected_option": null,
                        "correct_answer": "Type IIb (fast-twitch glycolytic)"
                    },
                    {
                        "question": "What is the primary function of tendons?",
                        "selected_option": null,
                        "correct_answer": "Connect muscles to bones"
                    },
                    {
                        "question": "Which plane divides the body into superior and inferior halves?",
                        "selected_option": null,
                        "correct_answer": "Transverse plane"
                    },
                    {
                        "question": "What is the function of the coronary arteries in the heart?",
                        "selected_option": null,
                        "correct_answer": "Carry oxygen-rich blood to the heart muscle"
                    },
                    {
                        "question": "What is the primary purpose of slow-twitch (Type I) muscle fibers?",
                        "selected_option": null,
                        "correct_answer": "Sustaining force for long periods"
                    },
                    {
                        "question": "Which axis allows movements like abduction and adduction?",
                        "selected_option": null,
                        "correct_answer": "Sagittal axis"
                    },
                    {
                        "question": "What is the function of tendons in the muscular system?",
                        "selected_option": null,
                        "correct_answer": "Connect muscles to bones"
                    },
                    {
                        "question": "Which anatomical movement decreases the angle between two bones?",
                        "selected_option": null,
                        "correct_answer": "Flexion"
                    },
                    {
                        "question": "What property allows muscles to return to their original length after being stretched?",
                        "selected_option": null,
                        "correct_answer": "Elasticity"
                    },
                    {
                        "question": "What is the main function of the cardiovascular system?",
                        "selected_option": null,
                        "correct_answer": "Carrying oxygen and nutrients to cells"
                    },
                    {
                        "question": "What movement occurs when the sole of the foot turns inward?",
                        "selected_option": null,
                        "correct_answer": "Inversion"
                    },
                    {
                        "question": "What type of muscle fiber is referred to as 'red fibers' due to its high myoglobin content?",
                        "selected_option": null,
                        "correct_answer": "Type I (slow-twitch)"
                    }
                ]
            },
            {
                "score": 1,
                "total": 20,
                "result": "Fail",
                "incorrect_questions": [
                    {
                        "question": "Which type of muscle contraction occurs when the muscle length remains constant?",
                        "selected_option": "Concentric contraction",
                        "correct_answer": "Isometric contraction"
                    },
                    {
                        "question": "Which muscle tissue is non-striated and controlled by the autonomic nervous system?",
                        "selected_option": "Skeletal muscle",
                        "correct_answer": "Smooth muscle"
                    },
                    {
                        "question": "Which type of joint allows rotational movement, such as at the neck?",
                        "selected_option": "Hinge joint",
                        "correct_answer": "Pivotal joint"
                    },
                    {
                        "question": "What is the main function of the cardiovascular system?",
                        "selected_option": "Regulating body temperature",
                        "correct_answer": "Carrying oxygen and nutrients to cells"
                    },
                    {
                        "question": "Which type of muscle tissue is found only in the heart?",
                        "selected_option": "Skeletal muscle",
                        "correct_answer": "Cardiac muscle"
                    },
                    {
                        "question": "What is the primary function of ligaments?",
                        "selected_option": "Connect bones to muscles",
                        "correct_answer": "Connect bones to bones"
                    },
                    {
                        "question": "What characteristic allows muscle tissue to respond to stimuli?",
                        "selected_option": "Elasticity",
                        "correct_answer": "Excitability"
                    },
                    {
                        "question": "What is the role of the interventricular septum in the heart?",
                        "selected_option": "Separates the left atrium and left ventricle",
                        "correct_answer": "Separates the left and right ventricles"
                    },
                    {
                        "question": "Which type of joint allows side-to-side and back-and-forth motion, such as in the wrist?",
                        "selected_option": "Ball and socket joint",
                        "correct_answer": "Gliding joint"
                    },
                    {
                        "question": "Which muscle tissue type is striated and voluntary?",
                        "selected_option": "Cardiac muscle",
                        "correct_answer": "Skeletal muscle"
                    },
                    {
                        "question": "What property allows muscles to return to their original length after being stretched?",
                        "selected_option": "Excitability",
                        "correct_answer": "Elasticity"
                    },
                    {
                        "question": "Which muscle fibers are known for their high contraction speed and low endurance?",
                        "selected_option": "Type I (slow-twitch)",
                        "correct_answer": "Type IIb (fast-twitch glycolytic)"
                    },
                    {
                        "question": "What energy system is used for short, explosive movements and does not require oxygen?",
                        "selected_option": "Glycolytic system",
                        "correct_answer": "ATP-PC system"
                    },
                    {
                        "question": "What does the sliding filament theory explain?",
                        "selected_option": "How joints are stabilized",
                        "correct_answer": "How muscles contract"
                    },
                    {
                        "question": "What type of muscle fibre is best suited for endurance activities?",
                        "selected_option": null,
                        "correct_answer": "Type I (slow-twitch)"
                    },
                    {
                        "question": "What type of joint is found in the shoulder and allows a wide range of motion?",
                        "selected_option": "Hinge joint",
                        "correct_answer": "Ball and socket joint"
                    },
                    {
                        "question": "What is the role of the AV (atrioventricular) node in the heart?",
                        "selected_option": "Acts as the heart's pacemaker",
                        "correct_answer": "Delays electrical signals to allow ventricular filling"
                    },
                    {
                        "question": "What type of muscle fibre is responsible for quick bursts of power?",
                        "selected_option": "Type I (slow-twitch)",
                        "correct_answer": "Type IIb (fast-twitch glycolytic)"
                    },
                    {
                        "question": "Which of the following is NOT a key skill for Strength and Conditioning Coaches?",
                        "selected_option": "Effective communication",
                        "correct_answer": "Advanced knowledge of pharmaceuticals"
                    }
                ]
            },
            {
                "score": 6,
                "total": 20,
                "result": "Fail",
                "incorrect_questions": [
                    {
                        "question": "Which of the following describes cartilaginous joints?",
                        "selected_option": "Immovable joints",
                        "correct_answer": "Partly movable joints"
                    },
                    {
                        "question": "Which energy system is primarily anaerobic and used during activities lasting up to 2 minutes?",
                        "selected_option": "ATP-PC system",
                        "correct_answer": "Glycolytic system"
                    },
                    {
                        "question": "What is the distinguishing feature of cardiac muscle tissue?",
                        "selected_option": "Multinucleated cells",
                        "correct_answer": "Presence of intercalated discs"
                    },
                    {
                        "question": "What anatomical movement describes rotating a joint away from the midline?",
                        "selected_option": "Internal rotation",
                        "correct_answer": "External rotation"
                    },
                    {
                        "question": "Which of the following is NOT a key skill for Strength and Conditioning Coaches?",
                        "selected_option": "Effective communication",
                        "correct_answer": "Advanced knowledge of pharmaceuticals"
                    },
                    {
                        "question": "What is the role of the AV (atrioventricular) node in the heart?",
                        "selected_option": "Acts as the heart's pacemaker",
                        "correct_answer": "Delays electrical signals to allow ventricular filling"
                    },
                    {
                        "question": "What property allows muscles to return to their original length after being stretched?",
                        "selected_option": "Excitability",
                        "correct_answer": "Elasticity"
                    },
                    {
                        "question": "Which energy system is primarily used during sustained, low-intensity exercise?",
                        "selected_option": "ATP-PC system",
                        "correct_answer": "Oxidative system"
                    },
                    {
                        "question": "What movement describes bringing a body part closer to the midline?",
                        "selected_option": "Abduction",
                        "correct_answer": "Adduction"
                    },
                    {
                        "question": "What is the primary purpose of slow-twitch (Type I) muscle fibers?",
                        "selected_option": "Explosive power for short durations",
                        "correct_answer": "Sustaining force for long periods"
                    },
                    {
                        "question": "What is the main function of the cardiovascular system?",
                        "selected_option": "Regulating body temperature",
                        "correct_answer": "Carrying oxygen and nutrients to cells"
                    },
                    {
                        "question": "Which type of muscle contraction occurs when the muscle length remains constant?",
                        "selected_option": "Concentric contraction",
                        "correct_answer": "Isometric contraction"
                    },
                    {
                        "question": "What is the primary role of a Strength and Conditioning Coach?",
                        "selected_option": "Designing exercise routines",
                        "correct_answer": "All of the above"
                    },
                    {
                        "question": "Which joint type allows movement in two planes, such as the thumb?",
                        "selected_option": "Hinge joint",
                        "correct_answer": "Saddle joint"
                    }
                ]
            },
            {
                "score": 4,
                "total": 20,
                "result": "Fail",
                "incorrect_questions": [
                    {
                        "question": "What type of lever is characterized by the load being between the pivot and effort?",
                        "selected_option": "First-class lever",
                        "correct_answer": "Second-class lever"
                    },
                    {
                        "question": "What movement occurs when the sole of the foot turns inward?",
                        "selected_option": "Eversion",
                        "correct_answer": "Inversion"
                    },
                    {
                        "question": "Which type of joint allows side-to-side and back-and-forth motion, such as in the wrist?",
                        "selected_option": "Ball and socket joint",
                        "correct_answer": "Gliding joint"
                    },
                    {
                        "question": "Which type of muscle contraction occurs when the muscle length remains constant?",
                        "selected_option": "Concentric contraction",
                        "correct_answer": "Isometric contraction"
                    },
                    {
                        "question": "What is the role of the aortic valve in the heart?",
                        "selected_option": "To prevent backflow into the left atrium",
                        "correct_answer": "To allow blood to flow from the left ventricle to the aorta"
                    },
                    {
                        "question": "What is the role of the AV (atrioventricular) node in the heart?",
                        "selected_option": "Acts as the heart's pacemaker",
                        "correct_answer": "Delays electrical signals to allow ventricular filling"
                    },
                    {
                        "question": "What is the main function of the cardiovascular system?",
                        "selected_option": "Regulating body temperature",
                        "correct_answer": "Carrying oxygen and nutrients to cells"
                    },
                    {
                        "question": "What is the primary energy source for muscle contractions?",
                        "selected_option": "Glucose",
                        "correct_answer": "Adenosine triphosphate (ATP)"
                    },
                    {
                        "question": "Which of the following describes cartilaginous joints?",
                        "selected_option": "Immovable joints",
                        "correct_answer": "Partly movable joints"
                    },
                    {
                        "question": "Which type of joint allows rotational movement, such as at the neck?",
                        "selected_option": "Hinge joint",
                        "correct_answer": "Pivotal joint"
                    },
                    {
                        "question": "What component of the heart acts as the natural pacemaker?",
                        "selected_option": "Atrioventricular node",
                        "correct_answer": "Sinoatrial node"
                    },
                    {
                        "question": "What type of joint connects the bones of the skull?",
                        "selected_option": "Synovial joint",
                        "correct_answer": "Fibrous joint"
                    },
                    {
                        "question": "What is the primary purpose of slow-twitch (Type I) muscle fibers?",
                        "selected_option": "Explosive power for short durations",
                        "correct_answer": "Sustaining force for long periods"
                    },
                    {
                        "question": "Which muscle tissue is non-striated and controlled by the autonomic nervous system?",
                        "selected_option": "Skeletal muscle",
                        "correct_answer": "Smooth muscle"
                    },
                    {
                        "question": "What type of muscle fibre is responsible for quick bursts of power?",
                        "selected_option": "Type I (slow-twitch)",
                        "correct_answer": "Type IIb (fast-twitch glycolytic)"
                    },
                    {
                        "question": "What is the role of the interventricular septum in the heart?",
                        "selected_option": "Separates the left atrium and left ventricle",
                        "correct_answer": "Separates the left and right ventricles"
                    }
                ]
            },
            {
                "score": 7,
                "total": 20,
                "result": "Fail",
                "incorrect_questions": [
                    {
                        "question": "Which muscle tissue is non-striated and controlled by the autonomic nervous system?",
                        "selected_option": "Skeletal muscle",
                        "correct_answer": "Smooth muscle"
                    },
                    {
                        "question": "Which type of joint allows side-to-side and back-and-forth motion, such as in the wrist?",
                        "selected_option": "Ball and socket joint",
                        "correct_answer": "Gliding joint"
                    },
                    {
                        "question": "Which system is primarily responsible for delivering oxygen to the muscles during exercise?",
                        "selected_option": "Nervous system",
                        "correct_answer": "Cardiovascular system"
                    },
                    {
                        "question": "What does dorsiflexion refer to in terms of foot movement?",
                        "selected_option": "Pointing the foot away from the tibia",
                        "correct_answer": "Bringing the dorsum of the foot toward the tibia"
                    },
                    {
                        "question": "Which muscle action involves the muscle lengthening as tension is produced?",
                        "selected_option": "Concentric contraction",
                        "correct_answer": "Eccentric contraction"
                    },
                    {
                        "question": "What is the role of the aortic valve in the heart?",
                        "selected_option": "To prevent backflow into the left atrium",
                        "correct_answer": "To allow blood to flow from the left ventricle to the aorta"
                    },
                    {
                        "question": "Which type of muscle contraction occurs when the muscle length remains constant?",
                        "selected_option": "Concentric contraction",
                        "correct_answer": "Isometric contraction"
                    },
                    {
                        "question": "What property allows muscles to return to their original length after being stretched?",
                        "selected_option": "Excitability",
                        "correct_answer": "Elasticity"
                    },
                    {
                        "question": "What does the sliding filament theory explain?",
                        "selected_option": "How joints are stabilized",
                        "correct_answer": "How muscles contract"
                    },
                    {
                        "question": "What is the primary purpose of slow-twitch (Type I) muscle fibers?",
                        "selected_option": "Explosive power for short durations",
                        "correct_answer": "Sustaining force for long periods"
                    },
                    {
                        "question": "What is the distinguishing feature of cardiac muscle tissue?",
                        "selected_option": "Multinucleated cells",
                        "correct_answer": "Presence of intercalated discs"
                    },
                    {
                        "question": "What is one quality that defines an excellent Strength and Conditioning Coach?",
                        "selected_option": "Lack of confidence",
                        "correct_answer": "Persistence"
                    },
                    {
                        "question": "What is the function of the tricuspid valve in the heart?",
                        "selected_option": "Separates the left atrium from the left ventricle",
                        "correct_answer": "Separates the right atrium from the right ventricle"
                    }
                ]
            },
            {
                "score": 16,
                "total": 20,
                "result": "Pass",
                "incorrect_questions": [
                    {
                        "question": "Which axis allows movements like abduction and adduction?",
                        "selected_option": "Transverse axis",
                        "correct_answer": "Sagittal axis"
                    },
                    {
                        "question": "Which type of joint allows rotational movement, such as at the neck?",
                        "selected_option": "Saddle joint",
                        "correct_answer": "Pivotal joint"
                    },
                    {
                        "question": "What type of joint connects the bones of the skull?",
                        "selected_option": "Cartilaginous joint",
                        "correct_answer": "Fibrous joint"
                    },
                    {
                        "question": "What is the primary purpose of slow-twitch (Type I) muscle fibers?",
                        "selected_option": "Explosive power for short durations",
                        "correct_answer": "Sustaining force for long periods"
                    }
                ]
            },
            {
                "score": 16,
                "total": 20,
                "result": "Pass",
                "incorrect_questions": [
                    {
                        "question": "What type of muscle fiber is referred to as 'red fibers' due to its high myoglobin content?",
                        "selected_option": "Type IIb (fast-twitch glycolytic)",
                        "correct_answer": "Type I (slow-twitch)"
                    },
                    {
                        "question": "Which joint type allows movement in two planes, such as the thumb?",
                        "selected_option": "Pivot joint",
                        "correct_answer": "Saddle joint"
                    },
                    {
                        "question": "What is the role of the aortic valve in the heart?",
                        "selected_option": "To prevent backflow into the left atrium",
                        "correct_answer": "To allow blood to flow from the left ventricle to the aorta"
                    },
                    {
                        "question": "Which anatomical movement decreases the angle between two bones?",
                        "selected_option": "Extension",
                        "correct_answer": "Flexion"
                    }
                ]
            },
            {
                "score": 13,
                "total": 20,
                "result": "Fail",
                "incorrect_questions": [
                    {
                        "question": "What is a productive use of time between speed drills?",
                        "selected_option": "Resting passively",
                        "correct_answer": "Reviewing video of the athlete's performance"
                    },
                    {
                        "question": "Which of the following movements occurs in the coronal plane?",
                        "selected_option": "Rotation",
                        "correct_answer": "Abduction and adduction"
                    },
                    {
                        "question": "Which energy system is predominantly used during a 100-meter sprint?",
                        "selected_option": "Oxidative system",
                        "correct_answer": "ATP-PC system"
                    },
                    {
                        "question": "What happens to skill execution with more practice?",
                        "selected_option": "It becomes more conscious",
                        "correct_answer": "It becomes a subconscious thought"
                    },
                    {
                        "question": "What does HRR stand for?",
                        "selected_option": "High Resistance Repetition",
                        "correct_answer": "Heart Rate Reserve"
                    },
                    {
                        "question": "What is running considered to be, similar to hitting a baseball or kicking a soccer ball?",
                        "selected_option": "A form of conditioning",
                        "correct_answer": "A skill"
                    },
                    {
                        "question": "Which of the following is NOT a health-related benefit of aerobic exercise?",
                        "selected_option": "Enhanced immune function",
                        "correct_answer": "Increased risk of injury"
                    }
                ]
            },
            {
                "score": 1,
                "total": 20,
                "result": "Fail",
                "incorrect_questions": [
                    {
                        "question": "What is covered in a typical speed session?",
                        "selected_option": null,
                        "correct_answer": "Technique, mechanics, and reactive drills"
                    },
                    {
                        "question": "What type of joint is found in the shoulder and allows a wide range of motion?",
                        "selected_option": null,
                        "correct_answer": "Ball and socket joint"
                    },
                    {
                        "question": "What is running considered to be, similar to hitting a baseball or kicking a soccer ball?",
                        "selected_option": null,
                        "correct_answer": "A skill"
                    },
                    {
                        "question": "What type of lever is characterized by the load being between the pivot and effort?",
                        "selected_option": null,
                        "correct_answer": "Second-class lever"
                    },
                    {
                        "question": "Which muscle fibers are known for their high contraction speed and low endurance?",
                        "selected_option": null,
                        "correct_answer": "Type IIb (fast-twitch glycolytic)"
                    },
                    {
                        "question": "What is a crucial consideration to avoid during exercise?",
                        "selected_option": null,
                        "correct_answer": "Too much too soon"
                    },
                    {
                        "question": "What is the first step in skill acquisition?",
                        "selected_option": null,
                        "correct_answer": "Conscious thought of how to move"
                    },
                    {
                        "question": "What is a key difference in speed training for field athletes versus track athletes?",
                        "selected_option": null,
                        "correct_answer": "Field athletes need more emphasis on acceleration and deceleration"
                    },
                    {
                        "question": "What is the primary role of ATP in muscle contraction?",
                        "selected_option": null,
                        "correct_answer": "It provides the energy required for muscle fibers to contract"
                    },
                    {
                        "question": "What is the coach's number one goal regarding athlete movement?",
                        "selected_option": null,
                        "correct_answer": "Improve the quality of movement"
                    },
                    {
                        "question": "Which type of joint allows side-to-side and back-and-forth motion, such as in the wrist?",
                        "selected_option": null,
                        "correct_answer": "Gliding joint"
                    },
                    {
                        "question": "During the inflammation response phase, the treatment goal is to:",
                        "selected_option": null,
                        "correct_answer": "Prevent disruption of new tissues"
                    },
                    {
                        "question": "Which anatomical movement decreases the angle between two bones?",
                        "selected_option": null,
                        "correct_answer": "Flexion"
                    },
                    {
                        "question": "What happens when an athlete focuses on cognitive components during reactive drills?",
                        "selected_option": null,
                        "correct_answer": "They cannot consciously think about mechanics"
                    },
                    {
                        "question": "What property allows muscles to return to their original length after being stretched?",
                        "selected_option": null,
                        "correct_answer": "Elasticity"
                    },
                    {
                        "question": "What plays a more important role for field sport athletes?",
                        "selected_option": null,
                        "correct_answer": "Acceleration"
                    },
                    {
                        "question": "What part of the circulatory system is responsible for transporting oxygenated blood to the body?",
                        "selected_option": null,
                        "correct_answer": "Aorta"
                    },
                    {
                        "question": "RPE stands for:",
                        "selected_option": null,
                        "correct_answer": "Rate of Perceived Exertion"
                    },
                    {
                        "question": "Which property of muscle tissue allows it to stretch without damage?",
                        "selected_option": null,
                        "correct_answer": "Extensibility"
                    }
                ]
            },
            {
                "score": 1,
                "total": 20,
                "result": "Fail",
                "incorrect_questions": [
                    {
                        "question": "How does skill acquisition progress?",
                        "selected_option": "Subconscious thought to conscious thought",
                        "correct_answer": "Conscious thought to subconscious thought"
                    },
                    {
                        "question": "What is a subjective measure of exertion during exercise?",
                        "selected_option": "Heart rate",
                        "correct_answer": "RPE"
                    },
                    {
                        "question": "What is the distinguishing feature of cardiac muscle tissue?",
                        "selected_option": null,
                        "correct_answer": "Presence of intercalated discs"
                    },
                    {
                        "question": "What is the primary function of ligaments?",
                        "selected_option": null,
                        "correct_answer": "Connect bones to bones"
                    },
                    {
                        "question": "What does the sliding filament theory explain?",
                        "selected_option": null,
                        "correct_answer": "How muscles contract"
                    },
                    {
                        "question": "What is the purpose of using an athlete to pull another athlete in change of direction drills?",
                        "selected_option": null,
                        "correct_answer": "To focus on deceleration"
                    },
                    {
                        "question": "What is the traditional gold standard for measuring cardiorespiratory fitness?",
                        "selected_option": null,
                        "correct_answer": "VO2 max"
                    },
                    {
                        "question": "What is the primary role of the cardiovascular system?",
                        "selected_option": null,
                        "correct_answer": "Transport oxygen and nutrients to cells"
                    },
                    {
                        "question": "What movement describes bringing a body part closer to the midline?",
                        "selected_option": null,
                        "correct_answer": "Adduction"
                    },
                    {
                        "question": "What factors make drills more challenging?",
                        "selected_option": null,
                        "correct_answer": "Longer duration, resistance, more changes of direction"
                    },
                    {
                        "question": "Which muscle group is responsible for flexing the knee?",
                        "selected_option": null,
                        "correct_answer": "Hamstrings"
                    },
                    {
                        "question": "What is the benefit of using a shoulder harness for resisted sprints over a waist harness?",
                        "selected_option": null,
                        "correct_answer": "It helps maintain better posture and prevents excessive hip bending"
                    },
                    {
                        "question": "What is the term used for the process where oxygen is used to generate energy in muscles?",
                        "selected_option": null,
                        "correct_answer": "Aerobic metabolism"
                    },
                    {
                        "question": "What is the main function of the cardiovascular system?",
                        "selected_option": null,
                        "correct_answer": "Carrying oxygen and nutrients to cells"
                    },
                    {
                        "question": "Which training tool is the author partial to for resisted sprints?",
                        "selected_option": null,
                        "correct_answer": "Shoulder harness"
                    },
                    {
                        "question": "Aerobic exercise improves which of the following?",
                        "selected_option": null,
                        "correct_answer": "Blood lipid profile"
                    },
                    {
                        "question": "Which of the following joints are classified as synovial joints?",
                        "selected_option": null,
                        "correct_answer": "Elbow joint"
                    },
                    {
                        "question": "What type of muscle fibre is responsible for quick bursts of power?",
                        "selected_option": null,
                        "correct_answer": "Type IIb (fast-twitch glycolytic)"
                    },
                    {
                        "question": "What is the role of the interventricular septum in the heart?",
                        "selected_option": null,
                        "correct_answer": "Separates the left and right ventricles"
                    }
                ]
            },
            {
                "score": 0,
                "total": 20,
                "result": "Fail",
                "incorrect_questions": [
                    {
                        "question": "What is an example of an isometric contraction during a biceps curl?",
                        "selected_option": "Lifting the weight.",
                        "correct_answer": "Holding the weight still"
                    },
                    {
                        "question": "What is an example of a Class 2 lever in the human body?",
                        "selected_option": null,
                        "correct_answer": "Standing on tiptoes."
                    },
                    {
                        "question": "What is the activation threshold of fast-twitch fibers?",
                        "selected_option": null,
                        "correct_answer": "High"
                    },
                    {
                        "question": "What is adduction?",
                        "selected_option": null,
                        "correct_answer": "Moving a body part toward the midline"
                    },
                    {
                        "question": "What is the purpose of warm-up before exercise?",
                        "selected_option": null,
                        "correct_answer": "To prepare the body for activity and reduce the risk of injury"
                    },
                    {
                        "question": "What is rarely seen in field sports regarding sprinting?",
                        "selected_option": null,
                        "correct_answer": "Sprinting in a straight line for long distances"
                    },
                    {
                        "question": "What does the T-Test assess?",
                        "selected_option": null,
                        "correct_answer": "Agility involving forward, lateral, and backward movements"
                    },
                    {
                        "question": "What is torque?",
                        "selected_option": null,
                        "correct_answer": "A turning or rotational force."
                    },
                    {
                        "question": "What are the two sub-classifications of fast-twitch muscle fibers?",
                        "selected_option": null,
                        "correct_answer": "Type IIa and Type IIb"
                    },
                    {
                        "question": "During which phase of the training plan are sport-specific skills and tactics typically refined?",
                        "selected_option": null,
                        "correct_answer": "Competition camp"
                    },
                    {
                        "question": "How does training difficulty progress in developmental sub-phases?",
                        "selected_option": null,
                        "correct_answer": "It progresses gradually, like a staircase."
                    },
                    {
                        "question": "How does the nervous system regulate and control muscle movement during physical exercise?",
                        "selected_option": null,
                        "correct_answer": "It indirectly controls muscle contractions by transmitting signals from the cerebral cortex (brain) to the muscles."
                    },
                    {
                        "question": "What type of certification is highly valuable for a Strength and Conditioning coach to possess?",
                        "selected_option": null,
                        "correct_answer": "Possessing a current and valid first aid and CPR/AED certification"
                    },
                    {
                        "question": "What are the two main types of mechanical energy?",
                        "selected_option": null,
                        "correct_answer": "Kinetic and potential"
                    },
                    {
                        "question": "What is extension?",
                        "selected_option": null,
                        "correct_answer": "Increasing the joint angle"
                    },
                    {
                        "question": "Why is it important to standardize testing procedures?",
                        "selected_option": null,
                        "correct_answer": "To reduce error and ensure accurate comparisons"
                    },
                    {
                        "question": "What does servanthood imply for a coach?",
                        "selected_option": null,
                        "correct_answer": "Serving the needs of athletes, clients, and colleagues"
                    },
                    {
                        "question": "What is circumduction?",
                        "selected_option": null,
                        "correct_answer": "Moving a body part in a circular motion, combining flexion, extension, abduction, and adduction"
                    },
                    {
                        "question": "What is respiration in a biological context?",
                        "selected_option": null,
                        "correct_answer": "A metabolic process that produces ATP by breaking down glucose"
                    },
                    {
                        "question": "What is VO2 max?",
                        "selected_option": null,
                        "correct_answer": "Maximum oxygen consumption"
                    }
                ]
            }
        ]
    },
    "preethu": {
        "password": "12345",
        "history": [
            {
                "score": 5,
                "total": 20,
                "result": "Fail",
                "incorrect_questions": [
                    {
                        "question": "Which system is primarily responsible for delivering oxygen to the muscles during exercise?",
                        "selected_option": "Nervous system",
                        "correct_answer": "Cardiovascular system"
                    },
                    {
                        "question": "What type of muscle fibre is responsible for quick bursts of power?",
                        "selected_option": "Type IIa (fast-twitch oxidative)",
                        "correct_answer": "Type IIb (fast-twitch glycolytic)"
                    },
                    {
                        "question": "What type of muscle fibre is best suited for endurance activities?",
                        "selected_option": "Type IIa (fast-twitch oxidative)",
                        "correct_answer": "Type I (slow-twitch)"
                    },
                    {
                        "question": "What is the main structural component of bones?",
                        "selected_option": "Elastin",
                        "correct_answer": "Collagen"
                    },
                    {
                        "question": "Which of the following is NOT a key skill for Strength and Conditioning Coaches?",
                        "selected_option": "Ability to make decisions",
                        "correct_answer": "Advanced knowledge of pharmaceuticals"
                    },
                    {
                        "question": "What type of joint permits the widest range of motion?",
                        "selected_option": "Pivotal joints",
                        "correct_answer": "Ball and socket joints"
                    },
                    {
                        "question": "What is the primary energy source for muscle contractions?",
                        "selected_option": "Glucose",
                        "correct_answer": "Adenosine triphosphate (ATP)"
                    },
                    {
                        "question": "What is the primary function of the pulmonary valve?",
                        "selected_option": "To regulate blood flow from the right atrium to the right ventricle",
                        "correct_answer": "To regulate blood flow from the right ventricle to the pulmonary artery"
                    },
                    {
                        "question": "What type of joint connects the bones of the skull?",
                        "selected_option": "Cartilaginous joint",
                        "correct_answer": "Fibrous joint"
                    },
                    {
                        "question": "What movement describes bringing a body part closer to the midline?",
                        "selected_option": "Abduction",
                        "correct_answer": "Adduction"
                    },
                    {
                        "question": "Which joint type allows movement in two planes, such as the thumb?",
                        "selected_option": "Hinge joint",
                        "correct_answer": "Saddle joint"
                    },
                    {
                        "question": "Which type of muscle contraction occurs when the muscle length remains constant?",
                        "selected_option": "Concentric contraction",
                        "correct_answer": "Isometric contraction"
                    },
                    {
                        "question": "What is the primary function of ligaments?",
                        "selected_option": "Connect muscles to tendons",
                        "correct_answer": "Connect bones to bones"
                    },
                    {
                        "question": "Which muscle tissue is non-striated and controlled by the autonomic nervous system?",
                        "selected_option": "Skeletal muscle",
                        "correct_answer": "Smooth muscle"
                    },
                    {
                        "question": "Which muscle fibers are known for their high contraction speed and low endurance?",
                        "selected_option": "Type III (hybrid)",
                        "correct_answer": "Type IIb (fast-twitch glycolytic)"
                    }
                ]
            },
            {
                "score": 7,
                "total": 20,
                "result": "Fail",
                "incorrect_questions": [
                    {
                        "question": "Which plane divides the body into superior and inferior halves?",
                        "selected_option": "Frontal plane",
                        "correct_answer": "Transverse plane"
                    },
                    {
                        "question": "What term describes the movement of the scapula away from the midline of the body?",
                        "selected_option": "Depression",
                        "correct_answer": "Protraction"
                    },
                    {
                        "question": "Which joint type allows movement in two planes, such as the thumb?",
                        "selected_option": "Ball and socket joint",
                        "correct_answer": "Saddle joint"
                    },
                    {
                        "question": "What is the primary energy source for muscle contractions?",
                        "selected_option": "Creatine phosphate",
                        "correct_answer": "Adenosine triphosphate (ATP)"
                    },
                    {
                        "question": "What is the primary role of a Strength and Conditioning Coach?",
                        "selected_option": "Designing exercise routines",
                        "correct_answer": "All of the above"
                    },
                    {
                        "question": "What movement describes bringing a body part closer to the midline?",
                        "selected_option": "Extension",
                        "correct_answer": "Adduction"
                    },
                    {
                        "question": "Which plane divides the body into left and right halves?",
                        "selected_option": "Frontal plane",
                        "correct_answer": "Sagittal plane"
                    },
                    {
                        "question": "What is the role of the AV (atrioventricular) node in the heart?",
                        "selected_option": "Separates the atria and ventricles",
                        "correct_answer": "Delays electrical signals to allow ventricular filling"
                    },
                    {
                        "question": "Which type of joint allows side-to-side and back-and-forth motion, such as in the wrist?",
                        "selected_option": "Hinge joint",
                        "correct_answer": "Gliding joint"
                    },
                    {
                        "question": "What type of muscle fiber is referred to as 'red fibers' due to its high myoglobin content?",
                        "selected_option": "Type IIb (fast-twitch glycolytic)",
                        "correct_answer": "Type I (slow-twitch)"
                    },
                    {
                        "question": "Which property of muscle tissue allows it to stretch without damage?",
                        "selected_option": "Excitability",
                        "correct_answer": "Extensibility"
                    },
                    {
                        "question": "What characteristic allows muscle tissue to respond to stimuli?",
                        "selected_option": "Extensibility",
                        "correct_answer": "Excitability"
                    },
                    {
                        "question": "Which type of muscle contraction occurs when the muscle length remains constant?",
                        "selected_option": "Concentric contraction",
                        "correct_answer": "Isometric contraction"
                    }
                ]
            },
            {
                "score": 4,
                "total": 20,
                "result": "Fail",
                "incorrect_questions": [
                    {
                        "question": "What is the primary purpose of maintaining athlete records?",
                        "selected_option": "To calculate training expenses",
                        "correct_answer": "To track athlete progress"
                    },
                    {
                        "question": "What characteristic allows muscle tissue to respond to stimuli?",
                        "selected_option": "Extensibility",
                        "correct_answer": "Excitability"
                    },
                    {
                        "question": "Which muscle tissue type is striated and voluntary?",
                        "selected_option": "Cardiac muscle",
                        "correct_answer": "Skeletal muscle"
                    },
                    {
                        "question": "Which joint type is responsible for movements like flexion and extension?",
                        "selected_option": "Ball and socket joint",
                        "correct_answer": "Hinge joint"
                    },
                    {
                        "question": "What does dorsiflexion refer to in terms of foot movement?",
                        "selected_option": "Rotating the foot outward",
                        "correct_answer": "Bringing the dorsum of the foot toward the tibia"
                    },
                    {
                        "question": "What is the distinguishing feature of cardiac muscle tissue?",
                        "selected_option": "Multinucleated cells",
                        "correct_answer": "Presence of intercalated discs"
                    },
                    {
                        "question": "What is the main structural component of bones?",
                        "selected_option": "Elastin",
                        "correct_answer": "Collagen"
                    },
                    {
                        "question": "Which muscle fibers are known for their high contraction speed and low endurance?",
                        "selected_option": "Type III (hybrid)",
                        "correct_answer": "Type IIb (fast-twitch glycolytic)"
                    },
                    {
                        "question": "What is the primary role of a Strength and Conditioning Coach?",
                        "selected_option": "Supervising training sessions",
                        "correct_answer": "All of the above"
                    },
                    {
                        "question": "What type of joint permits the widest range of motion?",
                        "selected_option": "Gliding joints",
                        "correct_answer": "Ball and socket joints"
                    },
                    {
                        "question": "Which joint type allows movement in two planes, such as the thumb?",
                        "selected_option": "Ball and socket joint",
                        "correct_answer": "Saddle joint"
                    },
                    {
                        "question": "Which type of joint allows rotational movement, such as at the neck?",
                        "selected_option": "Ball and socket joint",
                        "correct_answer": "Pivotal joint"
                    },
                    {
                        "question": "What is the primary function of the pulmonary valve?",
                        "selected_option": "To regulate blood flow from the right atrium to the right ventricle",
                        "correct_answer": "To regulate blood flow from the right ventricle to the pulmonary artery"
                    },
                    {
                        "question": "What energy system is used for short, explosive movements and does not require oxygen?",
                        "selected_option": "Glycolytic system",
                        "correct_answer": "ATP-PC system"
                    },
                    {
                        "question": "What movement occurs when the sole of the foot turns inward?",
                        "selected_option": "Eversion",
                        "correct_answer": "Inversion"
                    },
                    {
                        "question": "What is the primary energy source for muscle contractions?",
                        "selected_option": "Lactic acid",
                        "correct_answer": "Adenosine triphosphate (ATP)"
                    }
                ]
            },
            {
                "score": 9,
                "total": 20,
                "result": "Fail",
                "incorrect_questions": [
                    {
                        "question": "Which axis allows movements like abduction and adduction?",
                        "selected_option": "Coronal axis",
                        "correct_answer": "Sagittal axis"
                    },
                    {
                        "question": "Which system is primarily responsible for delivering oxygen to the muscles during exercise?",
                        "selected_option": "Endocrine system",
                        "correct_answer": "Cardiovascular system"
                    },
                    {
                        "question": "What is the role of myofibrils in skeletal muscles?",
                        "selected_option": "Store glycogen for energy",
                        "correct_answer": "Contribute to muscle contraction"
                    },
                    {
                        "question": "What is the function of the tricuspid valve in the heart?",
                        "selected_option": "Separates the left atrium from the left ventricle",
                        "correct_answer": "Separates the right atrium from the right ventricle"
                    },
                    {
                        "question": "What is the primary function of the pulmonary valve?",
                        "selected_option": "To regulate blood flow from the right atrium to the right ventricle",
                        "correct_answer": "To regulate blood flow from the right ventricle to the pulmonary artery"
                    },
                    {
                        "question": "Which muscle fibers are known for their high contraction speed and low endurance?",
                        "selected_option": "Type III (hybrid)",
                        "correct_answer": "Type IIb (fast-twitch glycolytic)"
                    },
                    {
                        "question": "Which property of muscle tissue allows it to stretch without damage?",
                        "selected_option": "Contractility",
                        "correct_answer": "Extensibility"
                    },
                    {
                        "question": "What type of joint is found in the shoulder and allows a wide range of motion?",
                        "selected_option": "Pivotal joint",
                        "correct_answer": "Ball and socket joint"
                    },
                    {
                        "question": "What does the sliding filament theory explain?",
                        "selected_option": "How muscles store energy",
                        "correct_answer": "How muscles contract"
                    },
                    {
                        "question": "Which of the following is NOT a key skill for Strength and Conditioning Coaches?",
                        "selected_option": "Being detail-oriented",
                        "correct_answer": "Advanced knowledge of pharmaceuticals"
                    },
                    {
                        "question": "What is the role of the AV (atrioventricular) node in the heart?",
                        "selected_option": "Regulates blood flow to the lungs",
                        "correct_answer": "Delays electrical signals to allow ventricular filling"
                    }
                ]
            },
            {
                "score": 3,
                "total": 20,
                "result": "Fail",
                "incorrect_questions": [
                    {
                        "question": "What is the function of tendons in the muscular system?",
                        "selected_option": "Attach bones to bones",
                        "correct_answer": "Connect muscles to bones"
                    },
                    {
                        "question": "Which plane divides the body into left and right halves?",
                        "selected_option": "Frontal plane",
                        "correct_answer": "Sagittal plane"
                    },
                    {
                        "question": "Which axis allows movements like abduction and adduction?",
                        "selected_option": "Transverse axis",
                        "correct_answer": "Sagittal axis"
                    },
                    {
                        "question": "Which of the following describes cartilaginous joints?",
                        "selected_option": "Immovable joints",
                        "correct_answer": "Partly movable joints"
                    },
                    {
                        "question": "Which joint type is responsible for movements like flexion and extension?",
                        "selected_option": "Ball and socket joint",
                        "correct_answer": "Hinge joint"
                    },
                    {
                        "question": "What is the primary role of a Strength and Conditioning Coach?",
                        "selected_option": "Tracking athlete progress",
                        "correct_answer": "All of the above"
                    },
                    {
                        "question": "Which energy system is primarily used during sustained, low-intensity exercise?",
                        "selected_option": "ATP-PC system",
                        "correct_answer": "Oxidative system"
                    },
                    {
                        "question": "What is the name of the movement that combines flexion, extension, abduction, and adduction?",
                        "selected_option": "Supination",
                        "correct_answer": "Circumduction"
                    },
                    {
                        "question": "What term describes the movement of the scapula away from the midline of the body?",
                        "selected_option": "Retraction",
                        "correct_answer": "Protraction"
                    },
                    {
                        "question": "What movement occurs when the sole of the foot turns inward?",
                        "selected_option": "Plantarflexion",
                        "correct_answer": "Inversion"
                    },
                    {
                        "question": "What is the role of the interventricular septum in the heart?",
                        "selected_option": "Separates the left and right atria",
                        "correct_answer": "Separates the left and right ventricles"
                    },
                    {
                        "question": "What is the primary energy source for muscle contractions?",
                        "selected_option": "Creatine phosphate",
                        "correct_answer": "Adenosine triphosphate (ATP)"
                    },
                    {
                        "question": "What type of joint connects the bones of the skull?",
                        "selected_option": "Cartilaginous joint",
                        "correct_answer": "Fibrous joint"
                    },
                    {
                        "question": "What is the function of the tricuspid valve in the heart?",
                        "selected_option": "Separates the left atrium from the left ventricle",
                        "correct_answer": "Separates the right atrium from the right ventricle"
                    },
                    {
                        "question": "What is the main purpose of the ATP-PC energy system?",
                        "selected_option": "To create energy through lactate",
                        "correct_answer": "To generate energy for explosive, short-duration movements"
                    },
                    {
                        "question": "What movement describes bringing a body part closer to the midline?",
                        "selected_option": "Flexion",
                        "correct_answer": "Adduction"
                    },
                    {
                        "question": "What does the sliding filament theory explain?",
                        "selected_option": "How joints are stabilized",
                        "correct_answer": "How muscles contract"
                    }
                ]
            }
        ]
    }
}